raw/disc/n_generated,raw/disc/disc_acc_gen,raw/disc/disc_entropy,raw/disc/global_step,raw/disc/disc_proportion_expert_pred,raw/disc/disc_acc,raw/disc/disc_proportion_expert_true,raw/disc/disc_loss,raw/disc/n_expert,raw/disc/disc_acc_expert
1024.0,0.8603515625,0.6916419267654419,1,0.06982421875,0.43017578125,0.5,0.7086732983589172,1024.0,0.0
1024.0,0.931640625,0.6917606592178345,1,0.03466796875,0.46630859375,0.5,0.7030079960823059,1024.0,0.0009765625
1024.0,0.931640625,0.6917515993118286,1,0.03466796875,0.46630859375,0.5,0.6972925662994385,1024.0,0.0009765625
1024.0,0.9560546875,0.69182288646698,1,0.02197265625,0.47802734375,0.5,0.6925997734069824,1024.0,0.0
1024.0,0.9677734375,0.6917407512664795,2,0.01904296875,0.48681640625,0.5,0.6865243911743164,1024.0,0.005859375
1024.0,0.978515625,0.691710352897644,2,0.02197265625,0.50048828125,0.5,0.6820321083068848,1024.0,0.0224609375
1024.0,0.9794921875,0.6916103363037109,2,0.05078125,0.5302734375,0.5,0.6772118806838989,1024.0,0.0810546875
1024.0,0.9873046875,0.6914765238761902,2,0.0712890625,0.55859375,0.5,0.6731298565864563,1024.0,0.1298828125
